id,product_variant_id,warehouse_id,quantity_available,quantity_reserved,update_at
"1","290","4","4","76","2025-09-20 10:31:25"
"2","141","2","401","12","2025-09-10 15:06:51"
"3","114","1","352","95","2025-09-14 21:52:59"
"4","367","1","201","84","2025-10-14 20:45:40"
"5","214","1","144","50","2025-10-04 23:57:25"
"6","88","1","376","49","2025-09-16 01:04:29"
"7","279","5","483","79","2025-09-06 05:28:12"
"8","12","1","225","77","2025-10-09 13:26:37"
"9","333","3","175","41","2025-08-26 13:20:10"
"10","38","2","253","14","2025-09-14 12:41:31"
"11","152","3","84","67","2025-09-03 16:56:58"
"12","22","2","320","59","2025-08-24 22:06:39"
"13","272","5","185","88","2025-08-26 05:01:40"
"14","205","2","192","27","2025-09-03 16:43:37"
"15","136","2","451","47","2025-09-06 18:52:55"
"16","350","2","408","44","2025-09-11 01:18:29"
"17","319","3","16","27","2025-09-28 06:44:45"
"18","113","5","201","86","2025-08-18 12:03:37"
"19","188","1","72","12","2025-08-20 17:39:13"
"20","198","5","289","24","2025-09-07 21:46:29"
"21","95","5","413","65","2025-09-01 06:46:51"
"22","350","3","98","1","2025-10-05 01:56:53"
"23","360","4","373","42","2025-08-25 02:09:02"
"24","325","2","155","78","2025-09-10 11:48:47"
"25","370","4","461","10","2025-08-19 10:41:31"
"26","373","2","345","79","2025-10-06 11:45:39"
"27","110","3","78","34","2025-09-10 04:31:39"
"28","179","3","157","75","2025-09-28 10:09:58"
"29","171","2","445","18","2025-09-28 10:08:30"
"30","339","1","185","6","2025-10-14 09:35:25"
"31","346","3","105","81","2025-08-28 08:15:08"
"32","293","3","471","95","2025-09-29 08:14:15"
"33","150","2","377","62","2025-10-15 15:46:26"
"34","254","4","59","50","2025-08-22 21:41:46"
"35","267","2","297","78","2025-09-11 10:33:33"
"36","95","3","82","27","2025-10-15 06:49:52"
"37","21","2","273","98","2025-09-29 08:35:38"
"38","306","1","345","2","2025-08-19 18:36:24"
"39","186","4","160","4","2025-09-19 09:04:38"
"40","2","5","49","15","2025-10-01 11:41:34"
"41","256","2","147","96","2025-09-26 12:36:41"
"42","395","2","446","41","2025-09-09 10:45:47"
"43","342","3","421","89","2025-10-11 22:10:58"
"44","218","3","174","48","2025-08-19 15:01:26"
"45","397","3","352","9","2025-09-25 16:15:40"
"46","291","5","65","20","2025-09-20 14:07:00"
"47","237","5","188","37","2025-10-12 06:37:43"
"48","144","1","326","71","2025-09-27 05:05:40"
"49","77","3","292","67","2025-08-20 17:53:49"
"50","325","1","171","52","2025-08-28 17:21:46"
"51","265","4","374","72","2025-09-23 10:09:28"
"52","271","1","269","21","2025-10-03 08:08:09"
"53","257","4","88","11","2025-08-28 04:49:38"
"54","325","3","229","15","2025-09-18 07:50:58"
"55","195","3","236","62","2025-09-09 20:24:17"
"56","44","1","75","5","2025-10-16 19:42:07"
"57","392","1","452","35","2025-09-17 00:53:54"
"58","329","1","408","23","2025-10-06 09:40:17"
"59","226","1","93","59","2025-10-15 11:54:26"
"60","170","5","166","90","2025-10-07 22:49:26"
"61","62","1","289","76","2025-09-20 07:45:06"
"62","227","5","427","79","2025-09-24 12:23:48"
"63","385","3","47","54","2025-09-13 18:33:30"
"64","99","5","275","21","2025-09-03 12:55:25"
"65","36","3","418","71","2025-10-14 04:36:41"
"66","263","1","39","11","2025-09-26 19:55:49"
"67","399","5","406","59","2025-09-12 16:33:03"
"68","132","5","245","21","2025-10-14 05:29:08"
"69","101","5","295","30","2025-09-04 01:44:54"
"70","185","1","377","25","2025-09-07 22:42:44"
"71","43","5","160","17","2025-10-05 10:54:58"
"72","393","5","325","20","2025-08-31 08:06:17"
"73","376","4","481","65","2025-09-15 09:55:49"
"74","36","2","476","98","2025-08-26 21:18:36"
"75","302","3","84","12","2025-09-30 10:27:22"
"76","142","1","277","68","2025-08-20 22:07:23"
"77","281","4","456","61","2025-09-16 01:40:09"
"78","123","1","288","55","2025-09-01 01:22:05"
"79","226","3","319","74","2025-10-07 08:18:17"
"80","344","3","433","38","2025-09-09 06:23:01"
"81","77","4","444","82","2025-10-13 01:08:42"
"82","353","2","396","13","2025-09-03 03:03:44"
"83","368","4","237","27","2025-09-20 19:09:24"
"84","174","4","61","76","2025-10-04 09:29:11"
"85","104","5","257","64","2025-09-22 06:34:49"
"86","333","4","279","88","2025-09-20 02:19:00"
"87","143","4","48","55","2025-10-01 22:18:31"
"88","244","5","149","4","2025-09-04 09:59:26"
"89","111","3","73","54","2025-08-30 13:31:27"
"90","363","4","64","16","2025-09-02 13:30:09"
"91","208","2","341","69","2025-09-11 23:49:15"
"92","366","2","356","36","2025-08-27 13:46:07"
"93","367","2","418","95","2025-10-15 08:27:10"
"94","234","3","371","10","2025-10-04 07:02:03"
"95","90","4","498","3","2025-10-14 12:25:07"
"96","377","4","438","80","2025-10-12 22:21:38"
"97","80","2","391","33","2025-09-21 11:55:45"
"98","259","5","107","43","2025-09-12 08:26:41"
"99","292","1","329","68","2025-09-04 17:32:42"
"100","386","1","202","100","2025-09-07 14:19:47"
"101","66","1","483","23","2025-09-18 11:55:58"
"102","34","1","318","66","2025-08-24 15:24:48"
"103","45","5","281","20","2025-09-19 03:52:55"
"104","9","3","116","23","2025-10-01 01:59:43"
"105","102","3","234","87","2025-08-21 10:38:22"
"106","265","3","487","28","2025-09-21 12:54:18"
"107","270","2","499","47","2025-10-08 17:53:29"
"108","167","5","276","7","2025-10-10 06:46:21"
"109","169","5","23","60","2025-09-13 13:23:13"
"110","281","2","314","40","2025-08-19 20:11:10"
"111","357","4","330","5","2025-09-14 03:38:14"
"112","356","1","302","28","2025-09-09 10:13:52"
"113","217","1","455","53","2025-08-28 06:03:15"
"114","85","1","85","39","2025-09-25 03:30:44"
"115","303","4","160","44","2025-10-15 04:54:01"
"116","395","1","390","93","2025-09-13 20:32:01"
"117","11","4","346","64","2025-10-01 08:37:21"
"118","71","2","383","24","2025-08-20 16:05:12"
"119","306","2","335","10","2025-10-04 17:23:49"
"120","91","4","81","47","2025-09-27 05:34:01"
"121","180","4","158","64","2025-09-13 18:40:15"
"122","196","5","259","60","2025-10-16 16:59:55"
"123","363","1","326","15","2025-09-22 23:16:15"
"124","139","5","69","15","2025-09-19 11:55:21"
"125","312","3","233","63","2025-10-05 03:48:18"
"126","116","1","379","50","2025-10-11 14:51:13"
"127","102","1","289","34","2025-09-21 22:00:44"
"128","55","5","440","5","2025-09-20 13:23:44"
"129","138","3","113","85","2025-10-02 02:27:57"
"130","240","5","421","65","2025-09-05 01:09:31"
"131","301","3","487","81","2025-08-31 17:45:55"
"132","81","4","419","44","2025-10-06 20:05:46"
"133","189","3","353","92","2025-10-06 21:32:59"
"134","149","2","315","54","2025-09-14 13:26:21"
"135","240","4","219","66","2025-09-17 17:18:40"
"136","308","2","154","52","2025-09-13 07:26:00"
"137","221","4","380","3","2025-09-16 10:39:51"
"138","296","3","361","60","2025-08-19 06:33:17"
"139","186","3","471","93","2025-09-05 03:50:16"
"140","114","3","116","50","2025-10-01 01:04:19"
"141","226","4","320","67","2025-08-28 13:12:10"
"142","183","4","418","19","2025-09-15 15:17:05"
"143","208","5","275","53","2025-08-28 23:29:04"
"144","10","2","242","5","2025-09-11 03:19:22"
"145","362","4","133","16","2025-09-23 19:40:07"
"146","217","3","421","10","2025-09-07 10:53:12"
"147","235","3","409","30","2025-08-22 07:10:16"
"148","327","2","252","71","2025-09-14 01:42:26"
"149","294","4","136","27","2025-08-30 20:47:58"
"150","322","1","144","24","2025-10-10 08:45:29"
"151","112","4","366","4","2025-08-18 21:27:27"
"152","65","4","430","18","2025-09-09 10:23:17"
"153","357","2","46","61","2025-09-27 18:15:54"
"154","174","2","436","99","2025-09-29 04:30:34"
"155","224","1","135","83","2025-10-12 11:04:11"
"156","202","5","281","100","2025-09-16 02:32:11"
"157","102","4","413","1","2025-09-24 10:54:23"
"158","116","4","464","91","2025-09-27 09:18:01"
"159","349","5","36","90","2025-09-10 05:12:16"
"160","172","5","245","57","2025-09-22 19:04:55"
"161","85","2","472","33","2025-08-24 13:31:48"
"162","218","5","356","33","2025-10-13 16:07:22"
"163","174","3","401","72","2025-09-21 18:31:56"
"164","266","3","210","78","2025-09-24 03:30:23"
"165","371","1","478","38","2025-10-05 20:07:10"
"166","197","5","48","79","2025-09-10 03:01:06"
"167","387","1","83","72","2025-09-04 05:18:05"
"168","170","1","262","84","2025-10-07 22:47:12"
"169","362","3","367","58","2025-10-09 06:31:12"
"170","64","5","182","42","2025-10-10 02:25:41"
"171","351","1","347","17","2025-08-21 20:29:50"
"172","289","3","269","52","2025-09-21 11:46:28"
"173","380","1","76","36","2025-08-30 02:32:31"
"174","83","5","185","18","2025-09-10 03:34:20"
"175","250","2","41","86","2025-10-06 02:16:27"
"176","301","4","251","78","2025-08-30 16:10:28"
"177","266","5","274","5","2025-09-23 03:54:21"
"178","5","2","440","13","2025-09-23 02:32:10"
"179","222","5","269","57","2025-10-07 01:14:18"
"180","230","2","164","45","2025-10-13 13:23:24"
"181","81","3","11","33","2025-10-16 01:20:05"
"182","195","5","92","97","2025-09-02 19:41:06"
"183","328","5","11","57","2025-09-24 07:27:55"
"184","105","2","231","42","2025-10-06 03:58:27"
"185","6","4","211","23","2025-10-11 13:14:01"
"186","229","2","275","81","2025-10-11 11:38:02"
"187","134","1","390","37","2025-08-19 04:25:56"
"188","118","5","7","78","2025-10-07 16:40:33"
"189","67","3","78","28","2025-09-27 02:31:15"
"190","167","3","471","56","2025-09-28 16:22:27"
"191","156","2","76","99","2025-09-12 05:06:06"
"192","195","1","283","4","2025-08-30 06:35:58"
"193","168","5","1","39","2025-08-29 18:36:18"
"194","268","5","155","81","2025-10-10 08:57:52"
"195","165","2","47","67","2025-09-23 10:44:48"
"196","108","5","378","91","2025-08-24 16:53:51"
"197","235","1","242","81","2025-09-24 23:55:04"
"198","345","5","388","35","2025-09-02 04:48:01"
"199","145","5","361","70","2025-10-15 14:47:28"
"200","346","4","64","20","2025-09-30 09:28:30"
"201","148","1","368","20","2025-08-25 00:25:24"
"202","191","3","89","98","2025-08-29 23:42:18"
"203","118","4","155","53","2025-08-31 04:35:44"
"204","293","4","180","25","2025-10-14 02:34:08"
"205","226","5","20","55","2025-09-09 03:28:52"
"206","68","5","439","49","2025-09-16 12:33:48"
"207","265","5","301","55","2025-09-09 13:43:50"
"208","219","2","14","27","2025-08-23 23:18:38"
"209","236","1","252","80","2025-10-09 10:01:41"
"210","381","4","407","16","2025-09-07 23:24:02"
"211","304","3","210","92","2025-08-22 06:15:20"
"212","256","5","405","77","2025-10-02 06:28:28"
"213","205","1","276","18","2025-09-14 07:11:55"
"214","343","2","266","24","2025-09-09 05:24:42"
"215","201","5","92","18","2025-09-16 23:50:21"
"216","5","4","295","92","2025-08-28 13:30:33"
"217","356","5","98","64","2025-10-13 19:34:41"
"218","228","4","370","26","2025-08-23 18:24:33"
"219","252","5","261","2","2025-08-24 19:51:04"
"220","320","2","484","45","2025-08-29 14:45:50"
"221","54","3","337","62","2025-10-12 09:24:07"
"222","89","5","302","84","2025-09-14 07:38:57"
"223","27","3","381","57","2025-09-06 12:45:31"
"224","277","2","459","77","2025-09-12 09:39:29"
"225","390","3","372","79","2025-09-26 12:47:01"
"226","342","2","187","89","2025-08-21 08:19:10"
"227","48","5","289","76","2025-09-22 11:27:08"
"228","157","1","146","49","2025-09-24 15:55:45"
"229","311","2","134","56","2025-09-23 00:25:46"
"230","32","5","45","15","2025-10-09 15:45:42"
"231","11","1","405","79","2025-09-14 02:08:27"
"232","20","5","203","15","2025-09-23 08:53:16"
"233","282","2","127","82","2025-08-30 20:40:59"
"234","376","1","95","64","2025-09-16 23:51:03"
"235","254","5","160","38","2025-08-31 15:58:23"
"236","340","3","188","54","2025-10-06 05:52:30"
"237","49","5","365","61","2025-09-13 17:47:17"
"238","10","3","312","54","2025-08-21 22:24:23"
"239","78","4","15","10","2025-09-07 15:17:29"
"240","70","2","451","70","2025-10-13 00:14:43"
"241","53","3","217","29","2025-10-10 11:00:34"
"242","284","3","391","42","2025-10-06 20:43:08"
"243","69","3","223","14","2025-10-16 11:15:10"
"244","367","3","82","38","2025-10-16 17:28:44"
"245","103","2","254","40","2025-08-21 19:58:58"
"246","63","5","154","29","2025-09-13 07:01:27"
"247","53","2","367","64","2025-09-10 05:29:09"
"248","340","4","212","25","2025-08-21 09:46:23"
"249","77","5","9","41","2025-10-06 05:11:14"
"250","262","1","488","64","2025-08-22 19:40:32"
"251","85","4","37","76","2025-09-18 10:00:24"
"252","384","5","303","23","2025-09-20 04:27:54"
"253","232","3","456","52","2025-09-10 15:39:12"
"254","395","3","145","30","2025-09-30 10:11:02"
"255","174","5","135","77","2025-09-28 00:51:10"
"256","342","5","75","52","2025-09-22 03:34:17"
"257","295","3","235","3","2025-09-06 23:36:10"
"258","183","1","301","23","2025-08-18 15:33:28"
"259","267","1","176","2","2025-09-16 10:21:45"
"260","63","3","353","60","2025-08-31 10:45:27"
"261","128","4","102","56","2025-09-04 11:31:08"
"262","246","5","243","61","2025-09-02 21:18:46"
"263","192","1","159","29","2025-08-22 23:28:10"
"264","343","4","30","90","2025-08-31 02:08:26"
"265","265","1","166","8","2025-09-13 04:00:06"
"266","256","4","145","83","2025-09-14 03:06:15"
"267","323","2","191","7","2025-10-04 23:08:18"
"268","243","5","244","49","2025-08-29 04:35:26"
"269","107","4","333","11","2025-10-10 23:28:13"
"270","151","4","363","13","2025-08-25 08:10:18"
"271","320","5","224","75","2025-09-07 00:11:21"
"272","198","2","168","96","2025-08-27 23:13:20"
"273","120","2","410","0","2025-09-30 11:53:47"
"274","283","3","111","78","2025-08-18 16:38:40"
"275","321","3","452","83","2025-09-02 05:00:32"
"276","96","4","256","68","2025-10-17 01:59:45"
"277","327","4","299","50","2025-08-31 21:25:03"
"278","375","3","248","41","2025-09-07 06:36:30"
"279","145","1","195","10","2025-09-21 07:48:25"
"280","73","4","122","48","2025-10-04 12:26:24"
"281","93","2","128","91","2025-09-17 10:38:59"
"282","310","4","230","46","2025-10-05 07:03:04"
"283","34","3","178","60","2025-10-11 13:18:00"
"284","340","2","108","27","2025-09-12 19:40:59"
"285","121","2","327","66","2025-09-18 13:26:30"
"286","367","5","431","54","2025-08-24 01:32:34"
"287","264","3","87","3","2025-09-16 02:38:28"
"288","73","5","486","59","2025-10-04 06:22:26"
"289","192","5","497","1","2025-09-05 14:10:30"
"290","364","2","405","92","2025-10-04 20:17:24"
"291","4","5","263","35","2025-09-04 13:43:24"
"292","7","2","168","35","2025-09-07 14:31:18"
"293","219","5","135","15","2025-10-03 14:41:55"
"294","196","4","301","78","2025-10-16 04:18:37"
"295","270","5","329","40","2025-08-25 14:11:54"
"296","197","1","130","51","2025-10-10 07:15:35"
"297","125","3","366","12","2025-09-08 21:12:08"
"298","353","4","431","35","2025-09-14 11:59:46"
"299","374","4","477","71","2025-09-16 08:56:43"
"300","285","3","479","98","2025-09-02 04:21:54"
"301","83","1","84","13","2025-09-22 16:00:30"
"302","356","2","318","87","2025-10-01 17:45:45"
"303","258","3","199","69","2025-09-16 19:03:49"
"304","98","3","160","57","2025-09-21 02:18:48"
"305","57","1","289","63","2025-09-08 01:28:43"
"306","211","2","28","6","2025-09-22 13:31:16"
"307","215","4","18","16","2025-09-28 15:43:39"
"308","193","4","102","13","2025-10-15 06:36:37"
"309","327","1","194","49","2025-10-09 20:13:28"
"310","231","3","296","25","2025-08-19 16:57:11"
"311","58","5","369","53","2025-09-04 01:46:21"
"312","222","3","241","55","2025-08-31 00:01:02"
"313","348","4","431","6","2025-10-10 08:27:49"
"314","100","5","312","26","2025-09-19 00:09:40"
"315","111","4","281","19","2025-09-10 01:36:09"
"316","326","2","43","10","2025-10-04 02:00:18"
"317","299","4","369","73","2025-08-28 15:21:59"
"318","372","1","88","0","2025-09-02 18:01:55"
"319","386","4","284","39","2025-10-08 22:15:00"
"320","259","1","480","58","2025-09-11 09:54:25"
"321","17","2","303","34","2025-10-01 07:53:49"
"322","360","2","350","20","2025-09-16 06:34:04"
"323","3","4","461","92","2025-09-14 21:38:51"
"324","204","4","343","21","2025-08-23 18:38:06"
"325","80","4","392","44","2025-09-06 23:23:18"
"326","211","5","147","66","2025-09-10 22:49:09"
"327","246","3","40","60","2025-08-29 10:56:19"
"328","112","2","369","73","2025-09-07 05:48:05"
"329","39","3","105","100","2025-09-02 23:49:33"
"330","214","4","35","96","2025-09-11 06:31:58"
"331","122","1","118","41","2025-09-15 22:21:35"
"332","305","2","91","93","2025-10-06 11:27:34"
"333","330","1","280","16","2025-08-22 02:49:43"
"334","295","4","2","71","2025-08-28 18:53:38"
"335","157","2","378","61","2025-10-11 06:59:52"
"336","380","3","193","9","2025-09-07 21:58:47"
"337","113","1","64","37","2025-09-29 06:26:05"
"338","226","2","58","48","2025-09-24 07:19:11"
"339","373","5","217","55","2025-10-01 23:58:15"
"340","232","5","26","95","2025-09-04 05:12:14"
"341","63","2","31","8","2025-10-12 11:02:30"
"342","1","1","319","35","2025-09-11 09:54:27"
"343","229","1","13","70","2025-08-23 17:04:00"
"344","190","5","35","40","2025-10-16 08:05:33"
"345","258","2","436","100","2025-08-28 02:16:22"
"346","320","3","335","17","2025-10-14 12:14:37"
"347","33","3","316","74","2025-09-14 00:10:53"
"348","140","5","200","27","2025-09-28 02:35:06"
"349","78","3","329","69","2025-10-13 04:06:06"
"350","204","3","254","51","2025-09-01 10:00:46"
"351","17","3","340","39","2025-10-07 03:29:12"
"352","191","2","308","23","2025-08-29 17:12:59"
"353","239","2","116","11","2025-10-07 01:38:29"
"354","25","4","243","63","2025-10-01 04:38:57"
"355","377","3","15","66","2025-08-23 01:19:22"
"356","266","1","402","9","2025-08-21 15:11:10"
"357","129","5","10","25","2025-09-21 00:18:10"
"358","280","3","108","28","2025-09-04 14:16:58"
"359","13","3","341","97","2025-09-30 11:05:17"
"360","359","1","29","0","2025-08-31 11:52:09"
"361","47","3","240","0","2025-10-05 12:25:33"
"362","169","2","392","96","2025-09-02 10:46:12"
"363","316","5","58","56","2025-08-20 12:53:57"
"364","93","5","237","100","2025-10-10 09:43:36"
"365","238","2","316","91","2025-09-23 14:07:27"
"366","209","5","256","25","2025-10-06 10:36:49"
"367","147","2","307","59","2025-09-27 18:36:11"
"368","335","4","315","10","2025-08-18 19:42:36"
"369","294","1","297","62","2025-08-20 04:26:44"
"370","63","1","159","20","2025-09-27 16:05:43"
"371","154","5","301","81","2025-09-12 21:23:21"
"372","209","3","115","58","2025-09-27 23:20:53"
"373","94","3","424","27","2025-10-08 01:06:06"
"374","357","1","9","89","2025-10-08 19:31:08"
"375","47","2","274","82","2025-09-10 10:32:28"
"376","152","2","185","24","2025-08-20 00:40:02"
"377","297","1","281","16","2025-09-26 16:44:23"
"378","32","4","473","44","2025-10-02 01:53:15"
"379","58","1","281","21","2025-09-11 16:30:48"
"380","387","4","475","63","2025-10-12 01:45:02"
"381","222","1","144","59","2025-09-08 13:45:33"
"382","393","4","106","10","2025-10-16 14:13:14"
"383","208","4","71","16","2025-09-01 23:36:33"
"384","64","2","259","68","2025-09-28 10:58:03"
"385","86","5","27","70","2025-08-23 09:38:22"
"386","337","2","464","27","2025-10-15 09:19:57"
"387","249","1","391","20","2025-10-02 09:55:43"
"388","288","3","347","33","2025-10-06 12:28:23"
"389","82","5","421","16","2025-10-02 21:13:55"
"390","62","4","210","49","2025-09-11 04:21:41"
"391","74","5","253","9","2025-09-08 00:36:22"
"392","206","4","452","8","2025-09-09 20:04:19"
"393","7","5","477","4","2025-08-22 10:50:14"
"394","8","4","123","29","2025-10-15 04:03:06"
"395","68","4","292","30","2025-10-02 22:15:52"
"396","120","5","40","53","2025-08-21 01:16:42"
"397","270","3","24","98","2025-09-19 09:49:10"
"398","51","3","447","100","2025-09-18 06:12:32"
"399","302","5","223","93","2025-09-26 06:49:27"
"400","222","2","377","36","2025-10-06 00:24:38"
"401","113","2","246","35","2025-10-03 21:03:14"
"402","235","2","12","47","2025-10-09 10:09:40"
"403","189","4","364","36","2025-09-03 01:22:38"
"404","230","3","125","76","2025-09-26 07:55:01"
"405","237","1","18","65","2025-09-19 03:12:46"
"406","383","1","173","62","2025-08-23 08:05:59"
"407","313","1","278","72","2025-09-02 10:05:00"
"408","224","3","193","38","2025-08-28 22:29:45"
"409","369","4","274","44","2025-10-06 14:31:23"
"410","80","1","295","100","2025-10-02 09:12:39"
"411","331","1","338","21","2025-08-23 02:15:30"
"412","329","5","237","99","2025-08-19 06:03:26"
"413","146","1","211","58","2025-10-12 05:17:54"
"414","365","3","174","80","2025-09-02 17:19:22"
"415","388","1","401","24","2025-09-30 10:33:52"
"416","100","4","85","15","2025-10-03 05:49:35"
"417","215","5","250","44","2025-09-24 19:39:30"
"418","391","4","153","20","2025-09-05 08:29:04"
"419","247","2","232","66","2025-10-14 19:32:20"
"420","321","2","249","73","2025-09-04 15:38:56"
"421","276","5","423","81","2025-08-24 20:25:28"
"422","153","1","210","41","2025-08-20 12:02:26"
"423","191","4","48","31","2025-08-18 11:56:59"
"424","130","4","290","22","2025-10-16 09:50:07"
"425","23","1","404","20","2025-10-03 16:41:32"
"426","389","3","188","51","2025-09-11 11:08:58"
"427","3","2","4","54","2025-08-23 02:22:16"
"428","283","1","304","22","2025-09-30 09:51:18"
"429","77","2","24","54","2025-09-17 06:13:02"
"430","307","4","318","90","2025-08-29 10:27:14"
"431","83","4","55","55","2025-09-28 05:09:35"
"432","272","2","466","93","2025-08-24 17:06:25"
"433","334","4","82","56","2025-09-03 00:35:34"
"434","61","2","392","29","2025-10-16 10:07:42"
"435","257","5","66","56","2025-09-23 01:05:03"
"436","231","4","389","93","2025-09-06 00:14:04"
"437","110","1","41","40","2025-08-26 17:35:59"
"438","380","5","329","29","2025-09-25 14:09:20"
"439","323","3","24","22","2025-08-24 08:31:14"
"440","288","4","331","41","2025-09-26 09:43:52"
"441","345","4","455","13","2025-10-16 14:58:08"
"442","260","3","389","2","2025-08-20 20:53:16"
"443","225","4","476","39","2025-10-09 19:28:00"
"444","132","1","195","14","2025-10-12 03:06:02"
"445","56","4","230","3","2025-09-20 02:10:31"
"446","200","3","13","14","2025-08-29 00:16:36"
"447","97","2","12","19","2025-09-28 03:24:52"
"448","66","4","321","43","2025-10-02 09:40:22"
"449","76","5","486","12","2025-09-30 07:43:32"
"450","248","4","420","72","2025-09-09 14:32:03"
"451","383","4","100","90","2025-10-09 18:28:42"
"452","18","5","95","51","2025-08-27 19:18:12"
"453","319","5","427","99","2025-09-13 22:01:13"
"454","225","3","206","14","2025-08-23 18:41:33"
"455","147","3","87","78","2025-10-17 00:56:52"
"456","400","1","88","52","2025-08-22 22:55:44"
"457","196","2","403","77","2025-09-12 22:25:16"
"458","200","4","339","90","2025-09-29 15:33:00"
"459","246","1","116","69","2025-10-04 05:08:54"
"460","75","2","274","39","2025-08-27 11:57:25"
"461","250","4","49","69","2025-08-20 00:14:23"
"462","287","3","496","69","2025-08-18 08:24:04"
"463","17","5","477","37","2025-10-09 11:03:06"
"464","380","2","85","20","2025-09-25 02:21:16"
"465","197","3","314","78","2025-08-19 17:42:43"
"466","258","5","492","53","2025-09-09 12:16:12"
"467","94","4","268","74","2025-09-23 18:25:20"
"468","9","4","303","91","2025-08-25 10:09:55"
"469","253","1","33","21","2025-09-06 09:43:18"
"470","76","4","476","34","2025-09-01 22:29:52"
"471","249","3","488","80","2025-09-15 18:47:56"
"472","202","4","159","49","2025-10-05 04:12:51"
"473","187","1","388","25","2025-08-26 00:57:15"
"474","33","2","127","88","2025-10-12 19:27:21"
"475","193","2","352","84","2025-08-19 06:23:04"
"476","199","4","484","24","2025-10-15 06:07:13"
"477","4","2","283","15","2025-08-29 17:37:10"
"478","221","3","135","20","2025-08-28 01:40:20"
"479","110","2","293","20","2025-10-02 04:26:17"
"480","211","3","76","27","2025-09-30 14:29:40"
"481","285","4","361","65","2025-10-05 12:35:29"
"482","35","3","473","82","2025-08-22 11:13:21"
"483","253","4","454","37","2025-10-05 03:31:30"
"484","254","1","471","29","2025-10-01 08:14:05"
"485","42","4","176","68","2025-10-11 06:21:35"
"486","318","3","136","71","2025-09-26 16:03:29"
"487","137","5","89","2","2025-09-10 11:25:09"
"488","328","4","191","32","2025-09-10 12:03:24"
"489","248","5","55","17","2025-09-15 22:37:52"
"490","155","4","432","29","2025-09-06 10:17:57"
"491","147","4","162","2","2025-08-19 20:42:28"
"492","199","1","10","64","2025-08-26 05:20:16"
"493","290","5","174","52","2025-09-19 11:41:06"
"494","132","4","466","88","2025-09-05 05:34:34"
"495","283","4","33","49","2025-08-31 10:22:29"
"496","364","4","279","15","2025-10-14 15:02:59"
"497","348","3","268","46","2025-10-03 07:20:40"
"498","277","3","129","47","2025-09-04 11:58:10"
"499","5","3","493","81","2025-08-19 20:46:32"
"500","140","2","77","34","2025-10-05 23:23:02"
"501","11","2","406","22","2025-09-20 02:01:44"
"502","237","3","336","27","2025-09-05 05:36:46"
"503","57","4","187","65","2025-08-27 17:40:12"
"504","52","2","149","70","2025-09-28 20:17:08"
"505","234","4","182","96","2025-09-02 12:38:20"
"506","189","1","333","67","2025-10-14 08:15:11"
"507","26","1","59","15","2025-09-23 14:38:29"
"508","100","3","248","14","2025-09-22 20:22:17"
"509","289","5","39","43","2025-08-22 03:26:19"
"510","117","1","117","9","2025-09-14 06:18:48"
"511","376","5","389","59","2025-09-08 09:22:15"
"512","400","2","112","51","2025-09-16 05:33:22"
"513","203","5","305","71","2025-08-31 00:37:22"
"514","59","1","441","42","2025-10-13 19:11:20"
"515","328","1","309","90","2025-09-22 19:41:48"
"516","123","3","474","78","2025-09-10 05:14:32"
"517","204","1","445","50","2025-09-01 12:56:06"
"518","360","1","210","80","2025-08-25 03:04:24"
"519","139","3","222","59","2025-10-16 03:07:12"
"520","270","4","267","54","2025-09-04 12:37:07"
"521","358","5","193","41","2025-10-10 05:08:49"
"522","196","1","202","75","2025-10-04 04:53:58"
"523","160","1","139","40","2025-10-14 13:16:54"
"524","155","1","463","24","2025-09-07 16:31:36"
"525","300","3","226","98","2025-10-09 04:12:10"
"526","298","2","415","35","2025-09-08 07:19:11"
"527","279","2","173","75","2025-09-19 16:36:31"
"528","359","5","33","33","2025-08-21 00:43:16"
"529","133","2","33","38","2025-09-05 22:14:37"
"530","44","4","235","63","2025-09-25 10:45:40"
"531","88","2","335","30","2025-09-15 23:40:45"
"532","239","5","62","30","2025-09-25 06:12:26"
"533","309","4","154","66","2025-08-19 19:16:24"
"534","97","5","21","37","2025-10-08 12:14:19"
"535","28","2","418","80","2025-09-16 01:34:33"
"536","259","4","453","20","2025-09-14 15:02:33"
"537","31","5","413","6","2025-09-06 11:43:21"
"538","199","2","339","2","2025-10-11 20:10:41"
"539","101","4","85","88","2025-10-08 20:42:28"
"540","165","1","20","30","2025-10-01 13:41:41"
"541","122","5","268","2","2025-10-07 14:53:03"
"542","273","3","216","78","2025-09-29 20:34:19"
"543","245","2","462","60","2025-08-22 08:50:30"
"544","280","1","94","84","2025-08-24 03:46:29"
"545","92","1","378","37","2025-09-16 12:03:57"
"546","325","5","490","31","2025-09-30 16:06:32"
"547","119","3","228","55","2025-09-02 13:43:24"
"548","375","4","212","53","2025-09-28 22:03:17"
"549","269","2","265","56","2025-10-11 00:22:03"
"550","25","2","190","16","2025-10-09 22:42:17"
"551","271","4","8","48","2025-09-11 08:24:31"
"552","347","2","415","44","2025-09-12 12:32:17"
"553","53","4","184","2","2025-09-30 20:22:24"
"554","251","4","172","58","2025-09-02 14:45:51"
"555","289","1","384","43","2025-09-14 21:00:05"
"556","4","4","4","46","2025-09-12 21:44:52"
"557","315","2","96","93","2025-09-08 06:34:27"
"558","46","2","160","83","2025-09-03 20:41:11"
"559","5","1","305","20","2025-09-24 18:08:46"
"560","187","3","184","65","2025-10-11 05:36:59"
"561","148","2","4","85","2025-09-25 22:05:52"
"562","14","5","153","78","2025-09-13 11:53:15"
"563","54","4","174","50","2025-09-15 15:48:42"
"564","246","2","59","31","2025-09-10 19:24:33"
"565","124","2","318","55","2025-09-28 07:58:05"
"566","303","5","231","11","2025-09-02 14:43:58"
"567","219","3","374","96","2025-10-08 20:44:11"
"568","278","4","340","19","2025-10-10 17:52:50"
"569","114","2","62","32","2025-10-05 21:12:35"
"570","289","4","49","92","2025-09-11 05:23:37"
"571","252","2","52","80","2025-10-10 23:04:38"
"572","108","3","167","54","2025-08-31 02:02:05"
"573","237","4","324","86","2025-09-08 15:02:41"
"574","384","2","247","94","2025-09-28 09:59:12"
"575","110","5","167","55","2025-09-19 12:58:43"
"576","199","3","85","20","2025-08-27 01:50:33"
"577","239","4","374","70","2025-09-05 06:04:06"
"578","399","1","149","64","2025-09-14 03:48:01"
"579","2","2","13","52","2025-10-06 17:50:51"
"580","54","1","420","37","2025-10-13 19:13:07"
"581","336","3","417","56","2025-08-20 12:22:40"
"582","375","5","258","96","2025-09-14 23:25:24"
"583","124","1","282","5","2025-09-01 17:55:42"
"584","164","1","254","99","2025-10-03 08:42:02"
"585","171","4","412","86","2025-09-16 13:23:45"
"586","330","4","426","28","2025-08-24 10:54:40"
"587","309","1","190","83","2025-09-24 00:00:34"
"588","329","4","407","2","2025-09-08 21:16:49"
"589","361","1","390","95","2025-08-19 21:53:28"
"590","166","3","402","67","2025-09-16 01:06:11"
"591","127","2","235","92","2025-08-18 21:26:01"
"592","180","3","47","26","2025-09-27 05:07:15"
"593","161","2","10","93","2025-10-05 00:19:53"
"594","336","1","369","76","2025-10-12 17:42:20"
"595","293","5","84","14","2025-10-02 19:28:45"
"596","374","5","351","28","2025-09-15 12:23:45"
"597","37","3","387","21","2025-10-06 03:04:36"
"598","355","1","457","18","2025-09-09 16:48:17"
"599","274","4","95","5","2025-09-08 01:31:51"
"600","74","1","242","47","2025-10-07 07:07:52"
"601","177","3","298","86","2025-08-20 17:28:42"
"602","173","1","36","85","2025-09-22 18:48:28"
"603","339","3","178","15","2025-10-16 19:26:35"
"604","227","4","89","85","2025-10-13 16:25:27"
"605","19","3","84","46","2025-08-25 14:26:37"
"606","42","1","140","6","2025-10-11 11:06:42"
"607","126","4","485","62","2025-09-16 19:51:11"
"608","141","4","411","77","2025-09-26 01:07:08"
"609","261","1","205","31","2025-09-01 18:26:47"
"610","272","3","34","17","2025-09-11 00:50:33"
"611","153","4","221","79","2025-10-07 10:40:11"
"612","67","5","381","93","2025-09-30 06:57:13"
"613","182","4","232","64","2025-09-19 09:32:58"
"614","171","1","5","39","2025-08-24 01:22:17"
"615","340","5","446","52","2025-09-04 10:46:04"
"616","333","2","312","96","2025-10-13 16:35:28"
"617","91","1","312","63","2025-09-02 10:39:08"
"618","109","5","452","80","2025-10-05 07:54:31"
"619","154","1","367","27","2025-10-13 13:08:57"
"620","321","1","108","18","2025-10-13 11:06:56"
"621","262","5","319","63","2025-09-26 22:46:45"
"622","386","2","77","75","2025-09-08 10:04:16"
"623","40","1","151","69","2025-10-01 05:47:04"
"624","90","1","81","15","2025-09-27 02:16:43"
"625","250","5","326","37","2025-09-26 06:18:10"
"626","165","4","146","12","2025-09-13 06:13:25"
"627","141","5","154","97","2025-10-08 10:18:37"
"628","261","2","332","78","2025-08-25 03:43:44"
"629","191","5","454","83","2025-08-28 20:29:00"
"630","203","3","409","3","2025-09-03 11:09:48"
"631","98","2","319","90","2025-10-09 13:03:11"
"632","118","3","352","60","2025-09-13 13:53:02"
"633","301","5","249","94","2025-09-21 21:27:49"
"634","146","4","326","50","2025-10-11 22:01:48"
"635","90","3","484","20","2025-08-25 19:42:25"
"636","240","3","137","83","2025-10-15 01:41:56"
"637","350","4","366","79","2025-09-06 21:10:23"
"638","294","2","123","55","2025-08-26 01:05:21"
"639","230","1","219","89","2025-08-22 02:57:10"
"640","286","3","229","64","2025-09-28 08:45:08"
"641","72","2","458","61","2025-10-13 18:21:59"
"642","161","3","147","8","2025-09-09 08:44:33"
"643","152","4","298","70","2025-09-02 18:22:02"
"644","178","2","391","85","2025-08-25 01:13:14"
"645","20","4","479","56","2025-09-11 13:58:38"
"646","210","2","128","48","2025-10-16 10:37:33"
"647","46","1","371","86","2025-08-20 12:35:47"
"648","109","4","184","56","2025-08-21 14:00:38"
"649","299","2","30","61","2025-09-28 12:39:33"
"650","366","1","324","20","2025-09-27 16:29:24"
"651","212","2","135","54","2025-08-19 01:24:31"
"652","267","4","498","48","2025-10-03 20:05:10"
"653","66","2","339","55","2025-09-25 15:54:51"
"654","224","2","424","83","2025-09-23 17:58:38"
"655","229","3","53","23","2025-09-17 00:06:58"
"656","216","3","426","12","2025-08-25 00:58:36"
"657","391","5","472","71","2025-09-11 20:04:28"
"658","317","4","255","5","2025-10-03 02:01:43"
"659","271","5","145","7","2025-09-16 02:44:00"
"660","348","2","322","70","2025-09-10 23:08:29"
"661","273","5","468","43","2025-08-31 21:47:11"
"662","400","4","467","10","2025-09-23 02:17:05"
"663","160","3","383","30","2025-09-24 16:16:59"
"664","60","3","17","42","2025-10-07 19:15:18"
"665","347","3","462","99","2025-10-08 02:44:02"
"666","137","1","257","96","2025-09-09 16:54:22"
"667","96","3","74","44","2025-09-04 10:00:07"
"668","25","5","393","70","2025-08-30 19:34:26"
"669","99","1","333","44","2025-09-17 16:58:10"
"670","3","1","215","16","2025-10-11 01:23:13"
"671","391","3","142","95","2025-08-29 06:42:00"
"672","68","3","492","56","2025-10-06 21:24:19"
"673","60","4","70","64","2025-09-21 11:35:22"
"674","252","1","320","18","2025-09-27 02:54:53"
"675","326","1","344","99","2025-09-17 02:52:56"
"676","66","5","181","79","2025-08-25 13:39:37"
"677","350","5","477","8","2025-09-17 07:20:07"
"678","194","1","42","72","2025-09-15 09:39:14"
"679","264","1","167","92","2025-10-11 08:44:39"
"680","104","2","325","44","2025-10-01 04:53:53"
"681","358","1","203","89","2025-10-05 15:47:08"
"682","281","3","491","59","2025-08-29 01:49:22"
"683","204","5","499","39","2025-10-03 04:03:46"
"684","286","4","39","60","2025-10-02 21:25:08"
"685","347","5","374","87","2025-09-01 00:30:20"
"686","359","3","329","35","2025-10-12 07:30:20"
"687","41","4","331","50","2025-08-30 15:31:44"
"688","115","1","130","100","2025-10-16 06:38:49"
"689","66","3","252","62","2025-10-09 16:27:58"
"690","312","4","431","35","2025-10-13 03:37:46"
"691","7","1","393","84","2025-10-01 05:43:35"
"692","104","4","14","74","2025-10-08 03:26:30"
"693","146","5","255","4","2025-09-17 07:50:59"
"694","69","5","321","15","2025-08-26 13:17:49"
"695","391","1","172","39","2025-09-07 21:13:30"
"696","230","5","48","49","2025-09-07 06:18:25"
"697","52","5","380","19","2025-09-28 22:24:48"
"698","220","1","156","0","2025-08-23 12:25:41"
"699","183","2","388","21","2025-10-03 08:00:51"
"700","382","2","186","46","2025-09-20 12:52:01"
"701","157","4","191","41","2025-09-14 07:52:10"
"702","57","2","236","23","2025-08-19 08:39:56"
"703","225","5","430","17","2025-09-28 08:14:17"
"704","286","5","17","66","2025-08-19 14:50:22"
"705","256","1","227","80","2025-10-02 01:11:33"
"706","38","5","286","52","2025-09-22 20:16:40"
"707","334","2","406","74","2025-10-06 11:38:28"
"708","55","1","102","100","2025-09-03 05:38:21"
"709","302","1","181","69","2025-09-20 16:16:52"
"710","327","3","384","27","2025-09-24 03:45:00"
"711","244","3","301","27","2025-09-08 10:27:06"
"712","123","5","67","94","2025-09-07 21:23:30"
"713","8","2","164","59","2025-09-21 06:28:28"
"714","354","5","454","22","2025-10-06 19:20:56"
"715","275","4","288","56","2025-09-26 15:55:16"
"716","215","3","291","10","2025-08-22 03:01:41"
"717","355","3","434","25","2025-08-24 19:05:53"
"718","24","4","199","30","2025-10-15 00:36:15"
"719","227","1","162","17","2025-10-10 12:47:32"
"720","203","1","481","88","2025-08-20 03:57:18"
"721","9","2","462","75","2025-10-03 15:19:42"
"722","203","4","94","34","2025-08-30 05:34:28"
"723","251","2","86","26","2025-09-14 17:59:02"
"724","229","4","312","1","2025-09-24 19:38:26"
"725","373","4","257","77","2025-09-15 12:10:30"
"726","279","4","326","9","2025-10-02 10:22:15"
"727","14","4","306","50","2025-09-15 11:14:42"
"728","331","3","290","14","2025-10-03 00:27:23"
"729","346","1","49","24","2025-09-18 08:12:39"
"730","371","4","305","82","2025-09-22 00:37:07"
"731","72","5","353","38","2025-09-03 06:48:41"
"732","295","1","104","89","2025-09-19 03:28:01"
"733","162","5","364","40","2025-09-22 20:35:38"
"734","281","5","394","70","2025-09-13 12:10:46"
"735","293","1","396","85","2025-09-20 18:27:43"
"736","97","3","227","44","2025-10-06 06:35:20"
"737","138","1","393","34","2025-09-10 19:26:11"
"738","372","5","123","48","2025-09-16 06:30:11"
"739","206","2","323","51","2025-09-29 11:11:28"
"740","90","5","417","7","2025-09-28 15:09:59"
"741","296","2","287","23","2025-09-12 17:50:32"
"742","366","4","263","0","2025-08-28 20:58:59"
"743","355","5","222","89","2025-09-28 08:39:16"
"744","326","4","12","44","2025-09-04 17:25:39"
"745","50","2","60","67","2025-09-26 00:10:15"
"746","185","5","34","34","2025-10-14 08:07:43"
"747","70","4","426","72","2025-10-04 21:02:44"
"748","37","1","477","82","2025-09-22 18:04:50"
"749","11","3","297","98","2025-08-29 16:42:24"
"750","170","4","370","27","2025-08-20 01:48:42"
"751","177","2","158","52","2025-09-14 16:50:43"
"752","49","4","307","70","2025-08-18 09:53:29"
"753","328","3","297","32","2025-08-22 22:21:25"
"754","318","2","384","88","2025-09-29 17:26:00"
"755","27","4","231","71","2025-09-03 22:03:16"
"756","130","3","434","88","2025-09-15 18:42:07"
"757","353","5","374","38","2025-09-12 14:19:40"
"758","319","4","492","90","2025-09-06 08:07:06"
"759","314","1","308","35","2025-10-02 02:13:34"
"760","257","3","382","57","2025-10-01 23:44:11"
"761","364","3","91","26","2025-08-27 18:14:09"
"762","344","5","349","38","2025-09-06 03:09:02"
"763","357","5","11","95","2025-08-20 14:30:51"
"764","398","4","66","33","2025-09-27 08:15:13"
"765","60","2","15","39","2025-08-24 18:01:47"
"766","398","5","114","87","2025-09-02 06:31:41"
"767","396","5","196","47","2025-08-22 11:48:17"
"768","159","2","178","59","2025-10-03 04:49:15"
"769","264","4","436","17","2025-10-10 04:15:00"
"770","39","5","90","100","2025-08-28 21:38:09"
"771","135","1","25","78","2025-09-25 21:29:47"
"772","171","5","108","89","2025-10-12 06:24:33"
"773","146","3","82","32","2025-08-21 15:01:40"
"774","368","1","366","71","2025-08-27 15:01:58"
"775","292","4","313","61","2025-09-01 23:47:12"
"776","62","3","176","23","2025-09-10 22:49:09"
"777","258","4","316","95","2025-08-20 06:31:22"
"778","117","5","475","69","2025-09-15 22:31:32"
"779","388","4","46","98","2025-09-19 21:38:15"
"780","71","3","210","79","2025-09-14 20:38:26"
"781","315","5","176","56","2025-09-05 07:55:40"
"782","291","4","32","24","2025-09-16 00:45:05"
"783","202","1","323","55","2025-09-16 19:03:33"
"784","352","5","164","95","2025-08-18 17:22:15"
"785","1","4","30","32","2025-09-05 17:43:02"
"786","251","1","97","24","2025-10-09 12:12:18"
"787","93","1","76","96","2025-09-05 14:34:54"
"788","397","5","106","76","2025-09-13 14:19:15"
"789","322","5","104","98","2025-08-21 03:06:23"
"790","61","3","76","20","2025-08-30 21:44:16"
"791","369","5","352","6","2025-08-19 21:23:36"
"792","31","2","235","70","2025-09-04 09:45:01"
"793","379","5","266","28","2025-09-01 14:46:55"
"794","109","1","424","4","2025-09-08 04:54:40"
"795","149","3","429","22","2025-09-21 13:23:27"
"796","291","1","165","14","2025-09-11 18:31:41"
"797","382","3","99","53","2025-09-26 03:03:12"
"798","316","1","203","98","2025-09-04 07:39:42"
"799","223","3","250","98","2025-09-19 04:17:22"
"800","268","4","263","20","2025-08-27 17:04:08"
"801","295","5","82","67","2025-10-06 13:32:40"
"802","400","3","464","30","2025-09-18 02:05:23"
"803","81","5","144","81","2025-10-14 14:38:23"
"804","208","1","153","48","2025-09-24 08:16:59"
"805","269","4","108","31","2025-10-16 05:10:42"
"806","182","3","21","53","2025-09-17 11:26:51"
"807","84","5","217","72","2025-08-29 09:17:57"
"808","182","1","136","91","2025-08-26 07:39:58"
"809","169","3","16","88","2025-10-14 01:18:54"
"810","253","2","39","13","2025-09-16 12:22:54"
"811","360","3","485","46","2025-09-24 22:40:06"
"812","184","2","340","2","2025-10-09 22:03:10"
"813","122","3","295","99","2025-08-29 01:11:40"
"814","279","3","81","12","2025-10-04 04:17:51"
"815","127","3","366","65","2025-09-22 13:20:49"
"816","130","5","359","52","2025-09-20 03:26:47"
"817","304","5","304","83","2025-10-15 05:07:56"
"818","288","1","16","71","2025-08-19 05:36:20"
"819","139","2","413","100","2025-10-10 04:39:52"
"820","136","4","391","66","2025-10-03 00:36:20"
"821","337","3","237","43","2025-09-16 06:40:34"
"822","345","1","26","55","2025-09-26 07:07:15"
"823","14","3","92","26","2025-10-16 01:45:26"
"824","89","1","137","2","2025-08-22 20:37:52"
"825","24","2","65","45","2025-09-23 19:28:57"
"826","288","2","103","24","2025-09-24 04:30:30"
"827","283","5","481","33","2025-09-05 18:10:14"
"828","244","1","224","3","2025-08-24 05:05:30"
"829","79","1","283","47","2025-09-14 13:14:06"
"830","302","4","73","28","2025-08-31 22:43:25"
"831","137","3","148","11","2025-09-27 18:47:56"
"832","1","2","91","75","2025-09-13 23:51:22"
"833","108","4","301","92","2025-09-15 21:38:32"
"834","185","4","285","70","2025-08-31 00:34:50"
"835","351","4","117","6","2025-10-04 14:09:09"
"836","340","1","187","92","2025-09-17 21:58:53"
"837","125","5","159","68","2025-09-30 17:16:52"
"838","60","1","311","72","2025-10-06 09:35:22"
"839","6","1","364","63","2025-10-08 14:41:00"
"840","392","4","180","76","2025-10-03 16:21:02"
"841","234","5","477","83","2025-08-20 04:52:42"
"842","284","1","110","39","2025-09-20 01:19:49"
"843","378","3","106","95","2025-09-14 04:32:51"
"844","199","5","223","2","2025-10-16 17:47:22"
"845","41","1","434","81","2025-09-14 06:54:08"
"846","198","3","414","84","2025-09-25 17:43:27"
"847","378","4","31","61","2025-09-05 06:45:24"
"848","255","1","326","62","2025-09-27 06:24:23"
"849","274","2","131","40","2025-10-13 15:41:30"
"850","6","5","123","14","2025-09-06 15:14:41"
"851","235","4","498","79","2025-08-18 14:37:38"
"852","35","1","54","89","2025-08-30 06:40:38"
"853","175","2","104","66","2025-09-14 00:27:24"
"854","112","3","44","24","2025-08-29 23:21:47"
"855","174","1","195","65","2025-09-21 19:43:27"
"856","46","4","261","97","2025-10-15 23:23:18"
"857","244","4","155","12","2025-09-02 11:23:30"
"858","25","1","500","6","2025-08-21 22:55:25"
"859","59","5","297","74","2025-10-11 06:25:18"
"860","44","5","278","92","2025-08-28 01:04:31"
"861","130","2","69","43","2025-10-04 21:27:02"
"862","338","1","394","78","2025-09-30 14:31:38"
"863","274","3","486","80","2025-10-11 22:26:32"
"864","38","4","242","38","2025-09-30 04:36:10"
"865","10","4","4","28","2025-08-20 01:59:52"
"866","118","1","44","16","2025-09-14 09:07:20"
"867","183","5","477","72","2025-09-12 12:05:12"
"868","249","4","69","55","2025-09-08 12:59:33"
"869","357","3","147","72","2025-10-03 16:27:39"
"870","368","2","274","76","2025-09-09 09:11:56"
"871","86","2","96","71","2025-10-12 17:01:38"
"872","48","4","315","24","2025-08-25 20:21:17"
"873","115","3","313","84","2025-09-07 14:41:53"
"874","105","3","399","87","2025-09-06 15:09:42"
"875","268","3","79","47","2025-09-11 23:42:27"
"876","86","1","423","36","2025-09-27 05:35:07"
"877","67","1","9","91","2025-10-14 23:52:52"
"878","20","3","127","29","2025-10-05 12:42:42"
"879","182","5","133","85","2025-09-08 00:59:22"
"880","290","3","226","14","2025-10-16 20:23:31"
"881","283","2","485","54","2025-10-07 04:48:09"
"882","142","3","165","91","2025-10-05 06:38:32"
"883","395","5","76","46","2025-09-26 01:34:46"
"884","190","4","50","16","2025-09-30 06:45:01"
"885","211","1","2","66","2025-10-13 08:38:44"
"886","114","5","413","26","2025-09-16 01:18:06"
"887","107","2","307","89","2025-10-05 08:13:12"
"888","47","5","374","87","2025-09-25 21:45:24"
"889","389","5","417","16","2025-10-07 02:19:27"
"890","98","1","50","67","2025-09-27 12:04:57"
"891","92","3","373","23","2025-09-15 11:31:10"
"892","233","4","254","79","2025-09-09 04:26:42"
"893","216","1","118","91","2025-08-29 11:04:22"
"894","189","2","379","44","2025-09-19 19:21:38"
"895","244","2","210","28","2025-09-28 10:05:00"
"896","362","2","333","26","2025-09-01 06:57:46"
"897","278","1","260","28","2025-09-03 23:39:48"
"898","287","5","414","27","2025-09-05 13:35:03"
"899","361","4","62","13","2025-09-05 11:16:14"
"900","170","2","52","68","2025-09-27 19:53:49"
"901","175","3","377","97","2025-09-28 16:13:22"
"902","326","5","186","37","2025-09-08 22:04:21"
"903","323","4","316","39","2025-08-30 11:11:05"
"904","184","3","299","22","2025-09-21 23:07:16"
"905","311","1","293","70","2025-09-24 19:04:50"
"906","392","2","247","65","2025-10-11 21:04:24"
"907","270","1","300","38","2025-08-25 09:00:25"
"908","28","3","31","35","2025-09-29 04:55:13"
"909","126","5","145","94","2025-08-21 08:30:22"
"910","150","5","33","11","2025-08-20 16:24:17"
"911","247","1","126","51","2025-08-28 00:56:57"
"912","8","1","339","47","2025-10-05 06:38:09"
"913","281","1","366","77","2025-09-28 12:26:40"
"914","149","5","145","42","2025-10-08 23:40:17"
"915","23","3","384","19","2025-10-15 09:17:39"
"916","252","4","66","48","2025-09-12 07:26:04"
"917","103","4","489","50","2025-08-19 08:57:19"
"918","236","5","474","41","2025-08-30 05:04:01"
"919","118","2","324","0","2025-09-09 18:00:08"
"920","29","1","182","55","2025-10-02 20:54:42"
"921","366","5","345","81","2025-10-04 07:03:07"
"922","370","5","185","48","2025-10-13 16:34:22"
"923","157","3","478","41","2025-09-27 06:23:57"
"924","43","2","199","60","2025-09-23 02:57:58"
"925","59","3","215","50","2025-09-23 16:44:13"
"926","27","1","27","79","2025-08-27 17:05:26"
"927","352","3","464","5","2025-10-12 17:58:08"
"928","39","1","318","32","2025-09-19 23:35:54"
"929","33","1","82","81","2025-10-03 11:11:25"
"930","53","1","458","6","2025-08-26 16:16:53"
"931","121","3","15","36","2025-09-11 12:37:04"
"932","143","5","231","17","2025-10-16 11:19:40"
"933","365","2","88","32","2025-09-25 22:47:07"
"934","373","1","182","1","2025-10-09 23:36:31"
"935","381","3","53","77","2025-09-16 14:14:46"
"936","38","1","254","95","2025-10-06 22:26:49"
"937","94","5","63","1","2025-09-21 12:05:32"
"938","233","1","389","87","2025-09-19 23:13:42"
"939","337","4","130","40","2025-08-27 10:15:37"
"940","50","3","237","41","2025-09-18 10:23:55"
"941","145","3","418","51","2025-08-28 01:54:40"
"942","36","1","131","35","2025-10-08 03:52:15"
"943","202","2","142","3","2025-09-17 08:05:43"
"944","96","5","160","6","2025-08-19 02:17:16"
"945","15","3","377","10","2025-10-11 05:32:03"
"946","125","2","142","35","2025-10-16 03:45:32"
"947","15","5","247","35","2025-09-18 18:27:49"
"948","14","1","280","61","2025-08-28 00:22:30"
"949","331","2","188","73","2025-10-15 14:12:53"
"950","36","4","10","80","2025-09-28 01:37:27"
"951","75","1","393","12","2025-09-01 08:15:13"
"952","240","2","143","97","2025-10-01 19:31:44"
"953","284","5","211","41","2025-08-30 10:04:04"
"954","232","2","196","51","2025-09-21 17:44:45"
"955","159","4","446","23","2025-09-15 03:08:48"
"956","332","4","486","64","2025-09-07 06:22:35"
"957","133","5","63","57","2025-10-15 04:16:29"
"958","313","5","122","50","2025-09-06 03:59:36"
"959","207","2","486","27","2025-09-12 03:01:11"
"960","70","1","26","86","2025-08-27 03:25:18"
"961","173","2","2","61","2025-10-04 07:16:41"
"962","55","3","493","12","2025-09-25 13:54:32"
"963","87","3","460","23","2025-10-15 06:19:05"
"964","228","1","487","41","2025-09-06 13:49:13"
"965","316","4","50","76","2025-10-08 12:00:14"
"966","388","3","397","0","2025-09-12 13:41:07"
"967","335","3","37","50","2025-09-25 01:11:03"
"968","61","1","237","23","2025-09-24 02:30:55"
"969","88","3","292","39","2025-08-22 03:58:04"
"970","29","4","178","94","2025-10-02 19:28:25"
"971","138","4","366","31","2025-09-30 15:25:56"
"972","216","2","366","15","2025-10-05 18:53:46"
"973","204","2","46","60","2025-10-04 11:30:53"
"974","50","4","157","33","2025-10-01 10:29:05"
"975","391","2","332","53","2025-10-05 18:24:52"
"976","16","2","63","48","2025-10-13 15:07:13"
"977","64","3","128","43","2025-08-28 07:49:43"
"978","78","5","190","7","2025-09-14 11:02:22"
"979","330","3","457","57","2025-08-27 08:28:57"
"980","397","4","33","68","2025-09-17 15:15:17"
"981","181","5","94","15","2025-09-14 00:09:23"
"982","71","4","458","15","2025-08-21 23:23:58"
"983","99","3","386","92","2025-10-17 02:46:48"
"984","341","1","52","49","2025-09-06 04:06:29"
"985","266","2","53","3","2025-09-09 18:21:13"
"986","169","4","336","49","2025-09-30 12:56:31"
"987","328","2","205","79","2025-08-28 23:49:47"
"988","128","5","385","79","2025-08-31 17:29:24"
"989","41","3","38","27","2025-09-03 19:11:11"
"990","7","4","236","83","2025-09-12 08:07:03"
"991","300","4","324","81","2025-09-16 23:16:53"
"992","280","2","210","100","2025-10-12 09:49:49"
"993","179","1","382","99","2025-09-12 09:43:42"
"994","378","5","380","75","2025-09-23 10:56:29"
"995","158","4","138","30","2025-09-02 14:45:33"
"996","227","2","237","13","2025-09-15 08:38:49"
"997","239","1","18","66","2025-08-21 17:30:00"
"998","116","2","248","12","2025-08-19 09:50:23"
"999","86","4","473","89","2025-10-12 14:14:32"
"1000","40","5","8","74","2025-08-23 12:37:27"